<!--
  ~ JBoss, Home of Professional Open Source.
  ~ Copyright 2011, Red Hat Middleware LLC, and individual contributors
  ~ as indicated by the @author tags. See the copyright.txt file in the
  ~ distribution for a full listing of individual contributors.
  ~
  ~ This is free software; you can redistribute it and/or modify it
  ~ under the terms of the GNU Lesser General Public License as
  ~ published by the Free Software Foundation; either version 2.1 of
  ~ the License, or (at your option) any later version.
  ~
  ~ This software is distributed in the hope that it will be useful,
  ~ but WITHOUT ANY WARRANTY; without even the implied warranty of
  ~ MERCHANTABILITY or FITNESS FOR A PARTICULAR PURPOSE. See the GNU
  ~ Lesser General Public License for more details.
  ~
  ~ You should have received a copy of the GNU Lesser General Public
  ~ License along with this software; if not, write to the Free
  ~ Software Foundation, Inc., 51 Franklin St, Fifth Floor, Boston, MA
  ~ 02110-1301 USA, or see the FSF site: http://www.fsf.org.
  -->

<module xmlns="urn:jboss:module:1.0" name="org.springframework.spring" slot="snowdrop">
    <resources>
        <resource-root path="aopalliance.jar"/>
        <resource-root path="aspectjrt.jar"/>
        <resource-root path="aspectjweaver.jar"/>
        <resource-root path="spring-aop.jar"/>
        <resource-root path="spring-asm.jar"/>
        <resource-root path="spring-beans.jar"/>
        <resource-root path="spring-context.jar"/>
        <resource-root path="spring-context-support.jar"/>
        <resource-root path="spring-core.jar"/>
        <resource-root path="spring-expression.jar"/>
        <resource-root path="spring-web.jar"/>
        <resource-root path="cglib-nodep.jar"/>
    </resources>
	<dependencies>
		<module name="ch.qos.cal10n" />
		<module name="com.google.guava" />
		<module name="javax.api" />
		<module name="javax.annotation.api" />
		<module name="javax.el.api" />
		<module name="javax.enterprise.api" />
		<module name="javax.ejb.api" />
		<module name="javax.faces.api" />
		<module name="javax.interceptor.api" />
		<module name="javax.persistence.api" />
		<module name="javax.servlet.api" />
		<module name="javax.servlet.jsp.api" />
		<module name="javax.transaction.api" />
		<module name="org.javassist" />
		<module name="org.jboss.jandex" />
		<module name="org.jboss.staxmapper" />
		<module name="org.jboss.as.controller" />
		<module name="org.jboss.as.ee" />
		<module name="org.jboss.as.ejb3" />
		<module name="javax.xml.bind.api" />
		<module name="org.apache.commons.logging" export="true" />
		<module name="org.jboss.as.jpa" />
		<module name="org.jboss.as.naming" />
		<module name="org.jboss.as.server" />
		<module name="org.jboss.as.transactions" />
		<module name="org.jboss.as.web" />
		<module name="org.jboss.interceptor" />
		<module name="org.jboss.interceptor.spi" />
		<module name="org.jboss.logging" />
		<module name="org.jboss.metadata" />
		<module name="org.jboss.modules" />
		<module name="org.jboss.msc" />
		<module name="org.jboss.vfs" />
		<module name="org.slf4j" />
		<module name="org.slf4j.ext" />
		<module name="org.jboss.snowdrop" />
	</dependencies>
</module>
